Rickshaw Carry,Forearms,Other,Strongman,9.6
Single-Leg Press,Quadriceps,Machine,Strength,9.6
Atlas Stones,Lower Back,Other,Strongman,9.5
Incline Hammer Curls,Biceps,Dumbbell,Strength,9.5
Wrist Rotations with Straight Bar,Forearms,Barbell,Strength,9.5
Single-Arm Linear Jammer,Shoulders,Barbell,Strength,9.5
Side Laterals to Front Raise,Shoulders,Dumbbell,Strength,9.5
T-Bar Row with Handle,Middle Back,Barbell,Strength,9.5
One-Arm Medicine Ball Slam,Abdominals,Medicine Ball,Strength,9.5
Palms-Down Wrist Curl Over A Bench,Forearms,Barbell,Strength,9.5
Clean from Blocks,Quadriceps,Barbell,OlympicWeightlifting,9.5
Weighted Pull Ups,Lats,Other,Strength,9.5
Landmine 180's,Abdominals,Barbell,Strength,9.5
Dips - Triceps Version,Triceps,Body Only,Strength,9.4
Barbell Full Squat,Quadriceps,Barbell,Strength,9.4
Standing Palm-In One-Arm Dumbbell Press,Shoulders,Dumbbell,Strength,9.4
Palms-Up Barbell Wrist Curl Over A Bench,Forearms,Barbell,Strength,9.4
Farmer's Walk,Forearms,Other,Strongman,9.4
Romanian Deadlift With Dumbbells,Hamstrings,Dumbbell,Strength,9.4
Barbell Glute Bridge,Glutes,Barbell,Powerlifting,9.4
Clean Deadlift,Hamstrings,Barbell,OlympicWeightlifting,9.4
Deficit Deadlift,Lower Back,Barbell,Powerlifting,9.4
Tire Flip,Quadriceps,Other,Strongman,9.4
Clean and Press,Shoulders,Barbell,Strength,9.4
Barbell Deadlift,Hamstrings,Barbell,Strength,9.4
Standing Palms-Up Barbell Behind The Back Wrist Curl,Forearms,Barbell,Strength,9.3
Lying Face Down Plate Neck Resistance,Neck,Other,Strength,9.3
Decline EZ Bar Triceps Extension,Triceps,Barbell,Strength,9.3
Push Press,Shoulders,Barbell,OlympicWeightlifting,9.3
Snatch,Quadriceps,Barbell,OlympicWeightlifting,9.3
Clean and Jerk,Shoulders,Barbell,OlympicWeightlifting,9.3
Hang Clean,Quadriceps,Barbell,OlympicWeightlifting,9.3
Finger Curls,Forearms,Barbell,Strength,9.3
Suspended Fallout,Abdominals,Other,Strength,9.3
Wide-Grip Standing Barbell Curl,Biceps,Barbell,Strength,9.3
Standing Palms-In Dumbbell Press,Shoulders,Dumbbell,Strength,9.3
Standing Military Press,Shoulders,Barbell,Strength,9.3
One-Arm Kettlebell Push Press,Shoulders,Kettlebells,Strength,9.3
Box Squat,Quadriceps,Barbell,Powerlifting,9.3
Dumbbell Floor Press,Triceps,Dumbbell,Powerlifting,9.3
Sumo Deadlift,Hamstrings,Barbell,Powerlifting,9.3
Reverse Band Box Squat,Quadriceps,Barbell,Powerlifting,9.3
Plank,Abdominals,Body Only,Strength,9.3
Standing Cable Lift,Abdominals,Cable,Strength,9.3
Bottoms Up,Abdominals,Body Only,Strength,9.3
Spell Caster,Abdominals,Dumbbell,Strength,9.3
Dumbbell V-Sit Cross Jab,Abdominals,Dumbbell,Strength,9.3
Dumbbell Bench Press,Chest,Dumbbell,Strength,9.2
Pullups,Lats,Body Only,Strength,9.2
Pushups,Chest,Body Only,Strength,9.2
Reverse Grip Bent-Over Rows,Middle Back,Barbell,Strength,9.2
Smith Machine Shrug,Traps,Machine,Strength,9.2
Spider Curl,Biceps,E-Z Curl Bar,Strength,9.2
Decline Reverse Crunch,Abdominals,Body Only,Strength,9.2
Front Squats With Two Kettlebells,Quadriceps,Kettlebells,Strength,9.2
Power Snatch,Hamstrings,Barbell,OlympicWeightlifting,9.2
Romanian Deadlift from Deficit,Hamstrings,Barbell,OlympicWeightlifting,9.2
Single Leg Push-off,Quadriceps,Other,Plyometrics,9.2
Hip Circles (prone),Abductors,Body Only,Stretching,9.2
Smith Machine Calf Raise,Calves,Machine,Strength,9.2
Seated Two-Arm Palms-Up Low-Pulley Wrist Curl,Forearms,Cable,Strength,9.2
Seated Barbell Military Press,Shoulders,Barbell,Strength,9.2
Rope Jumping,Quadriceps,Other,Cardio,9.2
Power Clean from Blocks,Hamstrings,Barbell,OlympicWeightlifting,9.2
Spider Crawl,Abdominals,Body Only,Strength,9.2
Barbell Walking Lunge,Quadriceps,Barbell,Strength,9.2
Dumbbell Flyes,Chest,Dumbbell,Strength,9.1
Close-Grip Barbell Bench Press,Triceps,Barbell,Strength,9.1
Cross-Body Crunch,Abdominals,Body Only,Strength,9.1
Chin-Up,Lats,Body Only,Strength,9.1
Wrist Roller,Forearms,Other,Strength,9.1
Triceps Pushdown - V-Bar Attachment,Triceps,Cable,Strength,9.1
One-Arm Side Laterals,Shoulders,Dumbbell,Strength,9.1
EZ-Bar Curl,Biceps,E-Z Curl Bar,Strength,9.1
Power Partials,Shoulders,Dumbbell,Strength,9.1
Barbell Hip Thrust,Glutes,Barbell,Powerlifting,9.1
Olympic Squat,Quadriceps,Barbell,OlympicWeightlifting,9.1
Axle Deadlift,Lower Back,Other,Strongman,9.1
Leverage Shrug,Traps,Machine,Strength,9.1
One-Arm High-Pulley Cable Side Bends,Abdominals,Cable,Strength,9.1
Floor Glute-Ham Raise,Hamstrings,None,Strength,9.1
Elbow to Knee,Abdominals,Body Only,Strength,9.1
Hyperextensions (Back Extensions),Lower Back,Other,Stretching,9.1
Hammer Curls,Biceps,Dumbbell,Strength,9.1
Zottman Curl,Biceps,Dumbbell,Strength,9.1
Weighted Bench Dip,Triceps,Other,Strength,9.1
Seated Dumbbell Press,Shoulders,Dumbbell,Strength,9.1
Standing Dumbbell Straight-Arm Front Delt Raise Above Head,Shoulders,Dumbbell,Strength,9.1
Reverse Flyes,Shoulders,Dumbbell,Strength,9.1
Incline Dumbbell Press,Chest,Dumbbell,Strength,9.1
Kettlebell Pistol Squat,Quadriceps,Kettlebells,Strength,9.1
Step Mill,Quadriceps,Machine,Cardio,9.1
Natural Glute Ham Raise,Hamstrings,Body Only,Strength,9.1
Standing Dumbbell Press,Shoulders,Dumbbell,Strength,9.1
Low Cable Crossover,Chest,Cable,Strength,9.1
Cocoons,Abdominals,Body Only,Strength,9.1
Biceps Curl To Shoulder Press,Biceps,Dumbbell,Strength,9.1
Decline Dumbbell Flyes,Chest,Dumbbell,Strength,9
Plate Twist,Abdominals,Other,Strength,9
Concentration Curls,Biceps,Dumbbell,Strength,9
Dips - Chest Version,Chest,Other,Strength,9
Kneeling Cable Triceps Extension,Triceps,Cable,Strength,9
Thigh Adductor,Adductors,Machine,Strength,9
Barbell Curl,Biceps,Barbell,Strength,9
Reverse Grip Triceps Pushdown,Triceps,Cable,Strength,9
Gorilla Chin/Crunch,Abdominals,Body Only,Strength,9
Decline Crunch,Abdominals,Body Only,Strength,9
Overhead Cable Curl,Biceps,Cable,Strength,9
Hanging Pike,Abdominals,Body Only,Strength,9
Narrow Stance Squats,Quadriceps,Barbell,Strength,9
Rocky Pull-Ups/Pulldowns,Lats,Other,Strength,9
Flexor Incline Dumbbell Curls,Biceps,Dumbbell,Strength,9
Dumbbell Lying One-Arm Rear Lateral Raise,Shoulders,Dumbbell,Strength,9
Standing Dumbbell Triceps Extension,Triceps,Dumbbell,Strength,9
Barbell Bench Press - Medium Grip,Chest,Barbell,Strength,9
Front Dumbbell Raise,Shoulders,Dumbbell,Strength,9
Seated One-Arm Dumbbell Palms-Up Wrist Curl,Forearms,Dumbbell,Strength,9
Seated Palms-Down Barbell Wrist Curl,Forearms,Barbell,Strength,9
Bear Crawl Sled Drags,Quadriceps,Other,Strongman,9
Alternating Deltoid Raise,Shoulders,Dumbbell,Strength,9
Machine Bicep Curl,Biceps,Machine,Strength,9
Bodyweight Flyes,Chest,E-Z Curl Bar,Strength,9
One-Arm Long Bar Row,Middle Back,Barbell,Strength,9
Hanging Oblique Knee Raise,Abdominals,Body Only,Strength,9
Bodyweight Lunge,Quadriceps,Body Only,Strength,9
One-Arm Dumbbell Row,Middle Back,Dumbbell,Strength,9
Standing Calf Raises,Calves,Machine,Strength,9
One-Legged Cable Kickback,Glutes,Cable,Strength,9
Incline Cable Flye,Chest,Cable,Strength,9
Dumbbell Shoulder Press,Shoulders,Dumbbell,Strength,9
Push-Ups - Close Triceps Position,Triceps,Body Only,Strength,9
Box Squat with Bands,Quadriceps,Barbell,Powerlifting,9
Squat with Chains,Quadriceps,Barbell,Powerlifting,9
Weighted Jump Squat,Quadriceps,Barbell,Strength,9
Single-Leg High Box Squat,Quadriceps,Other,Strength,9
EZ-Bar Skullcrusher,Triceps,E-Z Curl Bar,Strength,9
Single Dumbbell Raise,Shoulders,Dumbbell,Strength,9
Car Drivers,Shoulders,Barbell,Strength,9
Standing Alternating Dumbbell Press,Shoulders,Dumbbell,Strength,9
Weighted Suitcase Crunch,Abdominals,Medicine Ball,Strength,9
Oblique Cable Crunch,Abdominals,Cable,Strength,9
Snatch-Grip Behind-The-Neck Overhead Press,Shoulders,Barbell,Strength,9
Bent Over One-Arm Long Bar Row,Middle Back,Barbell,Strength,8.9
Wide-Grip Decline Barbell Bench Press,Chest,Barbell,Strength,8.9
Front Barbell Squat,Quadriceps,Barbell,Strength,8.9
Lying Leg Curls,Hamstrings,Machine,Strength,8.9
Triceps Pushdown - Rope Attachment,Triceps,Cable,Strength,8.9
Smith Machine Overhead Shoulder Press,Shoulders,Machine,Strength,8.9
Cable One Arm Tricep Extension,Triceps,Cable,Strength,8.9
Arnold Dumbbell Press,Shoulders,Dumbbell,Strength,8.9
Exercise Ball Pull-In,Abdominals,Exercise Ball,Strength,8.9
Cable Crunch,Abdominals,Cable,Strength,8.9
V-Bar Pulldown,Lats,Cable,Strength,8.9
Barbell Ab Rollout,Abdominals,Barbell,Strength,8.9
Hanging Leg Raise,Abdominals,Body Only,Strength,8.9
Dumbbell Bicep Curl,Biceps,Dumbbell,Strength,8.9
Decline Close-Grip Bench To Skull Crusher,Triceps,Barbell,Strength,8.9
Dumbbell Lying Supination,Forearms,Dumbbell,Strength,8.9
Bicycling,Quadriceps,Other,Cardio,8.9
Rowing Stationary,Quadriceps,Machine,Cardio,8.9
Leverage Shoulder Press,Shoulders,Machine,Strength,8.9
Kneeling Cable Crunch With Alternating Oblique Twists,Abdominals,Cable,Strength,8.9
Muscle Up,Lats,Other,Strength,8.9
Shotgun Row,Lats,Cable,Strength,8.9
Incline Dumbbell Press Reverse-Grip,Chest,Dumbbell,Strength,8.9
T-Bar Row,Middle Back,Barbell,Strength,8.9
Barbell Squat,Quadriceps,Barbell,Strength,8.9
Bent Over Two-Arm Long Bar Row,Middle Back,Barbell,Strength,8.9
Wide-Grip Barbell Bench Press,Chest,Barbell,Strength,8.9
Decline Barbell Bench Press,Chest,Barbell,Strength,8.9
Dumbbell Squat,Quadriceps,Dumbbell,Strength,8.9
Ab Roller,Abdominals,Other,Strength,8.9
Barbell Ab Rollout - On Knees,Abdominals,Barbell,Strength,8.9
Front Plate Raise,Shoulders,Other,Strength,8.9
Cross Body Hammer Curl,Biceps,Dumbbell,Strength,8.9
Close-Grip EZ Bar Curl,Biceps,Barbell,Strength,8.9
Seated Triceps Press,Triceps,Dumbbell,Strength,8.9
Incline Barbell Triceps Extension,Triceps,Barbell,Strength,8.9
Snatch Deadlift,Hamstrings,Barbell,OlympicWeightlifting,8.9
Side to Side Box Shuffle,Quadriceps,Other,Plyometrics,8.9
Weighted Crunches,Abdominals,Medicine Ball,Strength,8.9
Dumbbell Goblet Squat,Quadriceps,Dumbbell,Strength,8.9
Wide-Grip Pull-Up,Lats,Body Only,Strength,8.9
Hyperextensions With No Hyperextension Bench,Lower Back,Body Only,Strength,8.8
Dumbbell Lunges,Quadriceps,Dumbbell,Strength,8.8
Leg Press,Quadriceps,Machine,Strength,8.8
Butt Lift (Bridge),Glutes,Body Only,Strength,8.8
Reverse Crunch,Abdominals,Body Only,Strength,8.8
Air Bike,Abdominals,Body Only,Strength,8.8
Narrow Stance Hack Squats,Quadriceps,Machine,Strength,8.8
Narrow Stance Leg Press,Quadriceps,Machine,Strength,8.8
Barbell Curls Lying Against An Incline,Biceps,Barbell,Strength,8.8
Dumbbell Lying Pronation,Forearms,Dumbbell,Strength,8.8
Groiners,Adductors,Body Only,Stretching,8.8
Elliptical Trainer,Quadriceps,Machine,Cardio,8.8
Stairmaster,Quadriceps,Machine,Cardio,8.8
Double Leg Butt Kick,Quadriceps,Body Only,Plyometrics,8.8
Standing Long Jump,Quadriceps,Body Only,Plyometrics,8.8
Ball Leg Curl,Hamstrings,Exercise Ball,Strength,8.8
Incline Push-Up,Chest,Body Only,Strength,8.8
Single Leg Glute Bridge,Glutes,Body Only,Strength,8.8
Dumbbell Incline Row,Middle Back,Dumbbell,Strength,8.8
Close-Grip EZ-Bar Press,Triceps,E-Z Curl Bar,Strength,8.8
Bodyweight Mid Row,Middle Back,Other,Strength,8.8
Burpee,Quadriceps,Body Only,Cardio,8.8
Reverse Barbell Preacher Curls,Biceps,E-Z Curl Bar,Strength,8.8
Close-Grip Front Lat Pulldown,Lats,Cable,Strength,8.8
Bent Over Two-Dumbbell Row With Palms In,Middle Back,Dumbbell,Strength,8.8
Stiff-Legged Dumbbell Deadlift,Hamstrings,Dumbbell,Strength,8.8
Incline Dumbbell Flyes,Chest,Dumbbell,Strength,8.8
Barbell Lunge,Quadriceps,Barbell,Strength,8.8
Seated Cable Rows,Middle Back,Cable,Strength,8.8
Cable Crossover,Chest,Cable,Strength,8.8
V-Bar Pullup,Lats,Body Only,Strength,8.8
Dip Machine,Triceps,Machine,Strength,8.8
Preacher Curl,Biceps,Barbell,Strength,8.8
Standing One-Arm Cable Curl,Biceps,Cable,Strength,8.8
Standing Dumbbell Calf Raise,Calves,Dumbbell,Strength,8.8
Neck Press,Chest,Barbell,Strength,8.8
Seated Close-Grip Concentration Barbell Curl,Biceps,Barbell,Strength,8.8
Dumbbell One-Arm Shoulder Press,Shoulders,Dumbbell,Strength,8.8
Tricep Dumbbell Kickback,Triceps,Dumbbell,Strength,8.8
Standing Bent-Over Two-Arm Dumbbell Triceps Extension,Triceps,Dumbbell,Strength,8.8
Front Two-Dumbbell Raise,Shoulders,Dumbbell,Strength,8.8
Mountain Climbers,Quadriceps,None,Plyometrics,8.8
Drop Push,Chest,Other,Plyometrics,8.8
Bodyweight Squat,Quadriceps,Body Only,Strength,8.8
Standing Hip Circles,Abductors,Body Only,Stretching,8.8
Trap Bar Deadlift,Quadriceps,Other,Strength,8.8
Ring Dips,Triceps,Other,Strength,8.8
Parallel Bar Dip,Triceps,Other,Strength,8.8
Chair Squat,Quadriceps,Machine,Strength,8.8
3/4 Sit-Up,Abdominals,Body Only,Strength,8.8
Otis-Up,Abdominals,Other,Strength,8.8
Clam,Abductors,Body Only,Strength,8.8
Machine Squat,Quadriceps,Machine,Strength,8.8
Barbell Incline Bench Press Medium-Grip,Chest,Barbell,Strength,8.8
Front Cable Raise,Shoulders,Cable,Strength,8.7
Crunches,Abdominals,Body Only,Strength,8.7
Dumbbell Rear Lunge,Quadriceps,Dumbbell,Strength,8.7
Alternate Incline Dumbbell Curl,Biceps,Dumbbell,Strength,8.7
Power Clean,Hamstrings,Barbell,Strength,8.7
Wide-Grip Rear Pull-Up,Lats,Body Only,Strength,8.7
Handstand Push-Ups,Shoulders,Body Only,Strength,8.7
Dumbbell Alternate Bicep Curl,Biceps,Dumbbell,Strength,8.7
One Arm Dumbbell Preacher Curl,Biceps,Dumbbell,Strength,8.7
Bench Dips,Triceps,Body Only,Strength,8.7
Standing Dumbbell Upright Row,Traps,Dumbbell,Strength,8.7
Goblet Squat,Quadriceps,Kettlebells,Strength,8.7
Kettlebell Sumo High Pull,Traps,Kettlebells,Strength,8.7
Trail Running/Walking,Quadriceps,None,Cardio,8.7
Deadlift with Bands,Lower Back,Barbell,Powerlifting,8.7
Hang Snatch,Hamstrings,Barbell,OlympicWeightlifting,8.7
External Rotation with Cable,Shoulders,Cable,Strength,8.7
Incline Push-Up Medium,Chest,Body Only,Strength,8.7
Incline Cable Chest Press,Chest,Cable,Strength,8.7
Lunge Pass Through,Hamstrings,Kettlebells,Strength,8.7
Rope Straight-Arm Pulldown,Lats,Cable,Strength,8.7
Step-up with Knee Raise,Glutes,Body Only,Strength,8.7
Bent Over Barbell Row,Middle Back,Barbell,Strength,8.7
Barbell Step Ups,Quadriceps,Barbell,Strength,8.7
Smith Machine Squat,Quadriceps,Machine,Strength,8.7
Dumbbell Shrug,Traps,Dumbbell,Strength,8.7
Reverse Cable Curl,Biceps,Cable,Strength,8.7
Seated Calf Raise,Calves,Machine,Strength,8.7
Calf-Machine Shoulder Shrug,Traps,Machine,Strength,8.7
Rocking Standing Calf Raise,Calves,Barbell,Strength,8.7
Calf Press On The Leg Press Machine,Calves,Machine,Strength,8.7
Front Incline Dumbbell Raise,Shoulders,Dumbbell,Strength,8.7
Barbell Shoulder Press,Shoulders,Barbell,Strength,8.7
Lying Close-Grip Barbell Triceps Extension Behind The Head,Triceps,Barbell,Strength,8.7
Seated Palm-Up Barbell Wrist Curl,Forearms,Barbell,Strength,8.7
Two-Arm Kettlebell Military Press,Shoulders,Kettlebells,Strength,8.7
Bench Press - Powerlifting,Triceps,Barbell,Powerlifting,8.7
Cable Chest Press,Chest,Cable,Strength,8.7
Dumbbell Bench Press with Neutral Grip,Chest,Dumbbell,Strength,8.7
Rope Climb,Lats,Other,Strength,8.7
Standing Concentration Curl,Biceps,Dumbbell,Strength,8.7
Standing Bradford Press,Shoulders,Barbell,Strength,8.7
Dumbbell Rear Delt Row,Shoulders,Dumbbell,Strength,8.7
Palms-Up Dumbbell Wrist Curl Over A Bench,Forearms,Dumbbell,Strength,8.6
Dumbbell Side Bend,Abdominals,Dumbbell,Strength,8.6
Incline Dumbbell Curl,Biceps,Dumbbell,Strength,8.6
Cable Lying Triceps Extension,Triceps,Cable,Strength,8.6
Close-Grip Standing Barbell Curl,Biceps,Barbell,Strength,8.6
Standing Overhead Barbell Triceps Extension,Triceps,Barbell,Strength,8.6
One-Arm Kettlebell Clean,Hamstrings,Kettlebells,Strength,8.6
Kettlebell Turkish Get-Up (Squat style),Shoulders,Kettlebells,Strength,8.6
Deadlift with Chains,Lower Back,Barbell,Powerlifting,8.6
Rope Crunch,Abdominals,Cable,Strength,8.6
Leverage Incline Chest Press,Chest,Machine,Strength,8.6
Triceps Overhead Extension with Rope,Triceps,Cable,Strength,8.6
Single-Arm Push-Up,Chest,Body Only,Strength,8.6
Standing Rope Crunch,Abdominals,Cable,Strength,8.6
Single-Arm Cable Crossover,Chest,Cable,Strength,8.6
Dead Bug,Abdominals,Body Only,Strength,8.6
Standing Olympic Plate Hand Squeeze,Forearms,Other,Strength,8.6
Wide-Grip Lat Pulldown,Lats,Cable,Strength,8.6
Crunch - Hands Overhead,Abdominals,Body Only,Strength,8.6
Preacher Hammer Dumbbell Curl,Biceps,Dumbbell,Strength,8.6
Alternate Hammer Curl,Biceps,Dumbbell,Strength,8.6
Seated Dumbbell Curl,Biceps,Dumbbell,Strength,8.6
JM Press,Triceps,Barbell,Strength,8.6
Cable Internal Rotation,Shoulders,Cable,Strength,8.6
Standing One-Arm Dumbbell Curl Over Incline Bench,Biceps,Dumbbell,Strength,8.6
Knee/Hip Raise On Parallel Bars,Abdominals,Other,Strength,8.6
Triceps Pushdown,Triceps,Cable,Strength,8.6
Side Lateral Raise,Shoulders,Dumbbell,Strength,8.6
Alternating Kettlebell Press,Shoulders,Kettlebells,Strength,8.6
One-Arm Kettlebell Snatch,Shoulders,Kettlebells,Strength,8.6
Kettlebell One-Legged Deadlift,Hamstrings,Kettlebells,Strength,8.6
Kettlebell Thruster,Shoulders,Kettlebells,Strength,8.6
Kneeling Squat,Glutes,Barbell,Powerlifting,8.6
Front Box Jump,Hamstrings,Other,Plyometrics,8.6
Split Squat with Dumbbells,Quadriceps,Dumbbell,Strength,8.6
Band Hip Adductions,Adductors,Bands,Strength,8.6
Sledgehammer Swings,Abdominals,Other,Plyometrics,8.6
Decline Push-Up,Chest,None,Strength,8.6
Battling Ropes,Shoulders,Other,Strength,8.6
Hammer Grip Incline DB Bench Press,Chest,Dumbbell,Strength,8.5
Bent Over Low-Pulley Side Lateral,Shoulders,Cable,Strength,8.5
Pushups (Close and Wide Hand Positions),Chest,Body Only,Strength,8.5
Jackknife Sit-Up,Abdominals,Body Only,Strength,8.5
Push-Ups With Feet Elevated,Chest,Body Only,Strength,8.5
One Leg Barbell Squat,Quadriceps,Barbell,Strength,8.5
Push-Ups With Feet On An Exercise Ball,Chest,Exercise Ball,Strength,8.5
Standing Biceps Cable Curl,Biceps,Cable,Strength,8.5
Low Pulley Row To Neck,Shoulders,Cable,Strength,8.5
Decline Oblique Crunch,Abdominals,Body Only,Strength,8.5
External Rotation,Shoulders,Dumbbell,Strength,8.5
Stomach Vacuum,Abdominals,Body Only,Stretching,8.5
Barbell Rear Delt Row,Shoulders,Barbell,Strength,8.5
Alternating Renegade Row,Middle Back,Kettlebells,Strength,8.5
Clean,Hamstrings,Barbell,OlympicWeightlifting,8.5
Good Morning,Hamstrings,Barbell,Powerlifting,8.5
Wide Stance Stiff Legs,Hamstrings,Barbell,OlympicWeightlifting,8.5
Scissors Jump,Quadriceps,Body Only,Plyometrics,8.5
Calf Press,Calves,Machine,Strength,8.5
Seated Cable Shoulder Press,Shoulders,Cable,Strength,8.5
Decline Dumbbell Bench Press,Chest,Dumbbell,Strength,8.5
Leg Extensions,Quadriceps,Machine,Strength,8.5
Barbell Hack Squat,Quadriceps,Barbell,Strength,8.5
Underhand Cable Pulldowns,Lats,Cable,Strength,8.5
Decline Dumbbell Triceps Extension,Triceps,Dumbbell,Strength,8.5
One-Arm Incline Lateral Raise,Shoulders,Dumbbell,Strength,8.5
Drag Curl,Biceps,Barbell,Strength,8.5
Press Sit-Up,Abdominals,Barbell,Strength,8.5
Butterfly,Chest,Machine,Strength,8.5
One Arm Dumbbell Bench Press,Chest,Dumbbell,Strength,8.5
Gironda Sternum Chins,Lats,Other,Strength,8.5
Seated One-arm Cable Pulley Rows,Middle Back,Cable,Strength,8.5
Dumbbell One-Arm Triceps Extension,Triceps,Dumbbell,Strength,8.5
Hang Clean - Below the Knees,Quadriceps,Barbell,OlympicWeightlifting,8.5
Rack Pull with Bands,Lower Back,Barbell,Powerlifting,8.5
Leverage Chest Press,Chest,Machine,Strength,8.5
Bosu Ball Cable Crunch With Side Bends,Abdominals,Cable,Strength,8.5
Incline Push-Up Wide,Chest,Body Only,Strength,8.5
Jumping Jacks,Quadriceps,None,Plyometrics,8.5
Lying Face Up Plate Neck Resistance,Neck,Other,Strength,8.4
Straight-Arm Dumbbell Pullover,Chest,Dumbbell,Strength,8.4
Hack Squat,Quadriceps,Machine,Strength,8.4
Barbell Shrug,Traps,Barbell,Strength,8.4
Freehand Jump Squat,Quadriceps,Body Only,Strength,8.4
Tuck Crunch,Abdominals,Body Only,Strength,8.4
Lying Dumbbell Tricep Extension,Triceps,Dumbbell,Strength,8.4
Cable Rope Rear-Delt Rows,Shoulders,Cable,Strength,8.4
Dumbbell Raise,Shoulders,Dumbbell,Strength,8.4
Weighted Sissy Squat,Quadriceps,Barbell,Strength,8.4
Seated Dumbbell Palms-Down Wrist Curl,Forearms,Dumbbell,Strength,8.4
Front Leg Raises,Hamstrings,Body Only,Stretching,8.4
Skating,Quadriceps,Other,Cardio,8.4
Face Pull,Shoulders,Cable,Strength,8.4
Glute Ham Raise,Hamstrings,Machine,Powerlifting,8.4
Band Skull Crusher,Triceps,Bands,Strength,8.4
Isometric Wipers,Chest,Body Only,Strength,8.4
Pallof Press,Abdominals,Cable,Strength,8.4
Jog In Place,Quadriceps,Body Only,Cardio,8.4
Man Maker,Middle Back,Dumbbell,Strength,8.4
Palms-Down Dumbbell Wrist Curl Over A Bench,Forearms,Dumbbell,Strength,8.4
Incline Dumbbell Bench With Palms Facing In,Chest,Dumbbell,Strength,8.4
Flat Bench Lying Leg Raise,Abdominals,Body Only,Strength,8.4
Seated Flat Bench Leg Pull-In,Abdominals,Body Only,Strength,8.4
Exercise Ball Crunch,Abdominals,Exercise Ball,Strength,8.4
Russian Twist,Abdominals,Body Only,Strength,8.4
Side To Side Chins,Lats,Other,Strength,8.4
One Arm Pronated Dumbbell Triceps Extension,Triceps,Dumbbell,Strength,8.4
One Arm Supinated Dumbbell Triceps Extension,Triceps,Dumbbell,Strength,8.4
Seated Bent-Over Rear Delt Raise,Shoulders,Dumbbell,Strength,8.4
Side Wrist Pull,Shoulders,None,Stretching,8.4
One-Arm Kettlebell Clean and Jerk,Shoulders,Kettlebells,Strength,8.4
Running Treadmill,Quadriceps,Machine,Cardio,8.4
Leverage Iso Row,Lats,Machine,Strength,8.4
Clock Push-Up,Chest,Body Only,Strength,8.4
Decline Smith Press,Chest,Machine,Strength,8.4
Cable Iron Cross,Chest,Cable,Strength,8.4
Plie Dumbbell Squat,Quadriceps,Dumbbell,Strength,8.3
Incline Dumbbell Flyes - With A Twist,Chest,Dumbbell,Strength,8.3
Standing Low-Pulley Deltoid Raise,Shoulders,Cable,Strength,8.3
Oblique Crunches,Abdominals,Body Only,Strength,8.3
Machine Preacher Curls,Biceps,Machine,Strength,8.3
Plate Pinch,Forearms,Other,Strength,8.3
Reverse Triceps Bench Press,Triceps,Barbell,Strength,8.3
Upright Barbell Row,Shoulders,Barbell,Strength,8.3
Seated Side Lateral Raise,Shoulders,Dumbbell,Strength,8.3
Seated One-Arm Dumbbell Palms-Down Wrist Curl,Forearms,Dumbbell,Strength,8.3
Advanced Kettlebell Windmill,Abdominals,Kettlebells,Strength,8.3
Bottoms-Up Clean From The Hang Position,Forearms,Kettlebells,Strength,8.3
Rack Pulls,Lower Back,Barbell,Powerlifting,8.3
Split Jerk,Quadriceps,Barbell,OlympicWeightlifting,8.3
Chain Handle Extension,Triceps,Other,Powerlifting,8.3
Band Good Morning (Pull Through),Hamstrings,Bands,Strength,8.3
Leverage Decline Chest Press,Chest,Machine,Strength,8.3
Linear Acceleration Wall Drill,Hamstrings,None,Plyometrics,8.3
Dumbbell Seated Box Jump,Quadriceps,Dumbbell,Plyometrics,8.3
Push-Up Wide,Chest,Body Only,Strength,8.3
Barbell Rollout from Bench,Abdominals,Barbell,Strength,8.3
Barbell Thruster,Quadriceps,Barbell,Strength,8.3
Straight-Arm Pulldown,Lats,Cable,Strength,8.3
Bent Over Two-Dumbbell Row,Middle Back,Dumbbell,Strength,8.3
Stiff-Legged Barbell Deadlift,Hamstrings,Barbell,Strength,8.3
Glute Kickback,Glutes,Body Only,Strength,8.3
Butt-Ups,Abdominals,Body Only,Strength,8.3
Smith Machine Bench Press,Chest,Machine,Strength,8.3
Middle Back Shrug,Middle Back,Dumbbell,Strength,8.3
Iron Cross,Shoulders,Dumbbell,Strength,8.3
Lying Supine Dumbbell Curl,Biceps,Dumbbell,Strength,8.3
Barbell Shrug Behind The Back,Traps,Barbell,Strength,8.3
Superman,Lower Back,Body Only,Stretching,8.3
Cross Over - With Bands,Chest,Bands,Strength,8.3
Two-Arm Dumbbell Preacher Curl,Biceps,Dumbbell,Strength,8.3
Flutter Kicks,Glutes,Body Only,Strength,8.3
Front Raise And Pullover,Chest,Barbell,Strength,8.3
Elevated Cable Rows,Lats,Cable,Strength,8.3
Dumbbell Lying Rear Lateral Raise,Shoulders,Dumbbell,Strength,8.3
Weighted Ball Hyperextension,Lower Back,Exercise Ball,Strength,8.3
Standing One-Arm Dumbbell Triceps Extension,Triceps,Dumbbell,Strength,8.3
Bicycling Stationary,Quadriceps,Machine,Cardio,8.3
Jogging-Treadmill,Quadriceps,Machine,Cardio,8.3
Floor Press,Triceps,Barbell,Powerlifting,8.3
Bench Press with Chains,Triceps,Barbell,Powerlifting,8.3
Chest Push (multiple response),Chest,Medicine Ball,Strength,8.3
Incline Push-Up Depth Jump,Chest,Other,Plyometrics,8.3
Internal Rotation with Band,Shoulders,Bands,Strength,8.3
Straight Raises on Incline Bench,Shoulders,Barbell,Strength,8.3
Kneeling Single-Arm High Pulley Row,Lats,Cable,Strength,8.3
Cobra Triceps Extension,Triceps,Body Only,Strength,8.3
Bodyweight Reverse Lunge,Quadriceps,Body Only,Strength,8.3
Yates Row Reverse Grip,Middle Back,Barbell,Strength,8.3
Bent-Arm Dumbbell Pullover,Chest,Dumbbell,Strength,8.2
Bent Over Dumbbell Rear Delt Raise With Head On Bench,Shoulders,Dumbbell,Strength,8.2
Lying Cable Curl,Biceps,Cable,Strength,8.2
Cable Hammer Curls - Rope Attachment,Biceps,Cable,Strength,8.2
Mixed Grip Chin,Middle Back,Other,Strength,8.2
Cable Hip Adduction,Quadriceps,Cable,Strength,8.2
Lying Rear Delt Raise,Shoulders,Dumbbell,Strength,8.2
One-Arm Kettlebell Row,Middle Back,Kettlebells,Strength,8.2
Recumbent Bike,Quadriceps,Machine,Cardio,8.2
Walking Treadmill,Quadriceps,Machine,Cardio,8.2
Inverted Row,Middle Back,None,Strength,8.2
Standing Cable Chest Press,Chest,Cable,Strength,8.2
Cable Reverse Crunch,Abdominals,Cable,Strength,8.2
Body Tricep Press,Triceps,Body Only,Strength,8.2
Band Pull Apart,Shoulders,Bands,Strength,8.2
Dumbbell Clean,Hamstrings,Dumbbell,Strength,8.2
Butt Kicks,Quadriceps,Body Only,Cardio,8.2
Neutral-Grip Pull Ups,Lats,Body Only,Strength,8.2
Machine-Assisted Pull-Up,Lats,Machine,Strength,8.2
Wide-Stance Barbell Squat,Quadriceps,Barbell,Strength,8.2
Alien Squat,Quadriceps,Body Only,Plyometrics,8.2
Reverse Barbell Curl,Biceps,Barbell,Strength,8.2
Dumbbell Step Ups,Quadriceps,Dumbbell,Strength,8.2
Thigh Abductor,Abductors,Machine,Strength,8.2
Low Cable Triceps Extension,Triceps,Cable,Strength,8.2
Standing Barbell Calf Raise,Calves,Barbell,Strength,8.2
Machine Bench Press,Chest,Machine,Strength,8.2
Bradford/Rocky Presses,Shoulders,Barbell,Strength,8.2
Seated Bent-Over Two-Arm Dumbbell Triceps Extension,Triceps,Dumbbell,Strength,8.2
Kettlebell Turkish Get-Up (Lunge style),Shoulders,Kettlebells,Strength,8.2
Iliotibial Tract-SMR,Abductors,Foam Roll,Stretching,8.2
Power Jerk,Quadriceps,Barbell,OlympicWeightlifting,8.2
Supine Chest Throw,Triceps,Medicine Ball,Plyometrics,8.2
Cable Rear Delt Fly,Shoulders,Cable,Strength,8.2
Reverse Machine Flyes,Shoulders,Machine,Strength,8.2
Standing Cable Wood Chop,Abdominals,Cable,Strength,8.2
Anti-Gravity Press,Shoulders,Barbell,Strength,8.2
Single Leg Deadlift,Hamstrings,Kettlebells,Strength,8.2
Seated Back Extension,Lower Back,Machine,Strength,8.2
Pendlay Rown,Middle Back,Barbell,Strength,8.2
Stiff Leg Barbell Good Morning,Lower Back,Barbell,Strength,8.1
Full Range-Of-Motion Lat Pulldown,Lats,Cable,Strength,8.1
Cable Rope Overhead Triceps Extension,Triceps,Cable,Strength,8.1
Tate Press,Triceps,Dumbbell,Strength,8.1
Back Flyes - With Bands,Shoulders,Bands,Strength,8.1
Seated Good Mornings,Lower Back,Barbell,Powerlifting,8.1
Box Jump (Multiple Response),Hamstrings,Other,Strength,8.1
Knee Tuck Jump,Hamstrings,Body Only,Plyometrics,8.1
Close-Grip Dumbbell Press,Triceps,Dumbbell,Strength,8.1
Upright Cable Row,Traps,Cable,Strength,8.1
Bent-Knee Hip Raise,Abdominals,Body Only,Strength,8.1
Smith Machine Bent Over Row,Middle Back,Machine,Strength,8.1
Standing Dumbbell Reverse Curl,Biceps,Dumbbell,Strength,8.1
Zercher Squats,Quadriceps,Barbell,Strength,8.1
Lying Triceps Press,Triceps,E-Z Curl Bar,Strength,8.1
Lying Close-Grip Barbell Triceps Press To Chin,Triceps,E-Z Curl Bar,Strength,8.1
Cable Shoulder Press,Shoulders,Cable,Strength,8.1
Cable Russian Twists,Abdominals,Cable,Strength,8.1
Romanian Deadlift,Hamstrings,Barbell,Strength,8.1
Bent-Arm Barbell Pullover,Lats,Barbell,Strength,8
Lying Machine Squat,Quadriceps,Machine,Strength,8
Machine Shoulder (Military) Press,Shoulders,Machine,Strength,8
Standing Low-Pulley One-Arm Triceps Extension,Triceps,Cable,Strength,8
Smith Machine Incline Bench Press,Chest,Machine,Strength,8
Cuban Press,Shoulders,Dumbbell,Strength,8
Ab Crunch Machine,Abdominals,Machine,Strength,8
Weighted Sit-Ups - With Bands,Abdominals,Other,Strength,8
Jefferson Squats,Quadriceps,Barbell,Strength,8
Windmills,Abductors,None,Stretching,8
Jerk Dip Squat,Quadriceps,Barbell,OlympicWeightlifting,8
Yoke Walk,Quadriceps,Other,Strongman,8
Rocket Jump,Quadriceps,Body Only,Plyometrics,8
Smith Machine Leg Press,Quadriceps,Machine,Strength,8
Wind Sprints,Abdominals,Body Only,Strength,8
Bodyweight Walking Lunge,Quadriceps,None,Strength,8
Smith Machine Hip Raise,Abdominals,Machine,Strength,8
Romanian Deadlift with Kettlebell,Hamstrings,Kettlebells,Strength,8
Fire Hydrant,Abductors,Body Only,Strength,8
Body-Up,Triceps,Body Only,Strength,8
Wall Ball Squat,Quadriceps,Medicine Ball,Plyometrics,8
Alternate Heel Touchers,Abdominals,Body Only,Strength,8
Smith Machine Close-Grip Bench Press,Triceps,Machine,Strength,8
Reverse Flyes With External Rotation,Shoulders,Dumbbell,Strength,8
Incline Inner Biceps Curl,Biceps,Dumbbell,Strength,8
Plyo Kettlebell Pushups,Chest,Kettlebells,Strength,8
Depth Jump Leap,Quadriceps,Other,Plyometrics,8
Reverse Hyperextension,Hamstrings,Machine,Strength,8
Alternating Cable Shoulder Press,Shoulders,Cable,Strength,8
Seated Leg Curl,Hamstrings,Machine,Strength,7.9
Cable Shrugs,Traps,Cable,Strength,7.9
Overhead Squat,Quadriceps,Barbell,OlympicWeightlifting,7.9
Alternating Kettlebell Row,Middle Back,Kettlebells,Strength,7.9
Single-Leg Leg Extension,Quadriceps,Machine,Strength,7.9
Pistol Squat,Quadriceps,Body Only,Strength,7.9
Lying T-Bar Row,Middle Back,Machine,Strength,7.9
Lying One-Arm Lateral Raise,Shoulders,Dumbbell,Strength,7.9
Lateral Raise - With Bands,Shoulders,Bands,Strength,7.9
High Cable Curls,Biceps,Cable,Strength,7.9
Standing Bent-Over One-Arm Dumbbell Triceps Extension,Triceps,Dumbbell,Strength,7.9
Standing Barbell Press Behind Neck,Shoulders,Barbell,Strength,7.9
Band Good Morning,Hamstrings,Bands,Powerlifting,7.9
Leverage High Row,Middle Back,Machine,Strength,7.9
Overhead Slam,Lats,Medicine Ball,Plyometrics,7.9
Pallof Press With Rotation,Abdominals,Cable,Strength,7.9
Close-Grip EZ-Bar Curl with Band,Biceps,E-Z Curl Bar,Strength,7.9
Kneeling High Pulley Row,Lats,Cable,Strength,7.9
Upright Row - With Bands,Traps,Bands,Strength,7.8
Barbell Side Split Squat,Quadriceps,Barbell,Strength,7.8
Leg-Up Hamstring Stretch,Hamstrings,None,Stretching,7.8
Sumo Deadlift with Chains,Hamstrings,Barbell,Powerlifting,7.8
Physioball Hip Bridge,Glutes,Exercise Ball,Strength,7.8
Suspended Reverse Crunch,Abdominals,Other,Strength,7.8
Kettlebell Pirate Ships,Shoulders,Kettlebells,Strength,7.8
Side Lunge,Quadriceps,Body Only,Strength,7.8
Walking High Knees,Quadriceps,Body Only,Cardio,7.8
Close-Hands Push-Up,Chest,Body Only,Strength,7.8
See-Saw Press (Alternating Side Press),Shoulders,Dumbbell,Strength,7.8
Cable Wrist Curl,Forearms,Cable,Strength,7.8
Dumbbell One-Arm Upright Row,Shoulders,Dumbbell,Strength,7.8
Dumbbell Scaption,Shoulders,Dumbbell,Strength,7.8
Smith Machine Behind the Back Shrug,Traps,Machine,Strength,7.8
Flat Bench Leg Pull-In,Abdominals,Body Only,Strength,7.7
Speed Squats,Quadriceps,Barbell,Strength,7.7
Cable Seated Crunch,Abdominals,Cable,Strength,7.7
Smith Single-Leg Split Squat,Quadriceps,Machine,Strength,7.7
Seated Leg Press,Quadriceps,Machine,Strength,7.7
Kettlebell Curtsy Lunge,Quadriceps,Kettlebells,Strength,7.7
Frog Sit-Ups,Abdominals,Body Only,Strength,7.7
Kettlebell Windmill,Abdominals,Kettlebells,Strength,7.7
Kettlebell Figure 8,Abdominals,Kettlebells,Strength,7.7
Side Leg Raises,Adductors,Body Only,Stretching,7.7
Board Press,Triceps,Barbell,Powerlifting,7.7
Circus Bell,Shoulders,Other,Strongman,7.7
Frankenstein Squat,Quadriceps,Barbell,OlympicWeightlifting,7.7
Single Leg Butt Kick,Quadriceps,Body Only,Plyometrics,7.7
Cable Deadlifts,Quadriceps,Cable,Strength,7.7
One-Arm Plank Dumbbell Biceps Curl,Biceps,Dumbbell,Strength,7.7
Around The Worlds,Chest,Dumbbell,Strength,7.6
Incline Bench Pull,Middle Back,Barbell,Strength,7.6
Dumbbell Prone Incline Curl,Biceps,Dumbbell,Strength,7.6
Band Assisted Pull-Up,Lats,Other,Strength,7.6
Suspended Row,Middle Back,Other,Strength,7.6
Jump Squat,Quadriceps,Body Only,Plyometrics,7.6
Tiger-Bend Push-Up,Chest,Body Only,Strength,7.6
Seated Head Harness Neck Resistance,Neck,Other,Strength,7.6
Barbell Seated Calf Raise,Calves,Barbell,Strength,7.6
Shoulder Press - With Bands,Shoulders,Bands,Strength,7.6
Kneeling Jump Squat,Glutes,Barbell,OlympicWeightlifting,7.6
Barbell Bench Press-Wide Grip,Chest,Barbell,Strength,7.6
One-Arm Side Deadlift,Quadriceps,Barbell,Strength,7.5
Zottman Preacher Curl,Biceps,Dumbbell,Strength,7.5
Sit-Up,Abdominals,Body Only,Strength,7.5
Seated Bent-Over One-Arm Dumbbell Triceps Extension,Triceps,Dumbbell,Strength,7.5
Two-Arm Kettlebell Clean,Shoulders,Kettlebells,Strength,7.5
Vertical Swing,Hamstrings,Dumbbell,Plyometrics,7.5
Inchworm,Hamstrings,Body Only,Stretching,7.5
Cable Preacher Curl,Biceps,Cable,Strength,7.5
Side Bridge,Abdominals,Body Only,Strength,7.5
Balance Board,Calves,Other,Strength,7.5
Double Kettlebell Push Press,Shoulders,Kettlebells,Strength,7.5
Split Jump,Quadriceps,Body Only,Plyometrics,7.5
Plyo Push-up,Chest,Body Only,Plyometrics,7.5
Bench Jump,Quadriceps,Body Only,Plyometrics,7.5
Isometric Neck Exercise - Sides,Neck,Body Only,Strength,7.4
Standing Leg Curl,Hamstrings,Machine,Strength,7.4
Leg Pull-In,Abdominals,Body Only,Strength,7.4
Standing Inner-Biceps Curl,Biceps,Dumbbell,Strength,7.4
Dumbbell Incline Shoulder Raise,Shoulders,Dumbbell,Strength,7.4
One-Arm Kettlebell Swings,Hamstrings,Kettlebells,Strength,7.4
Machine Triceps Extension,Triceps,Machine,Strength,7.4
Prowler Sprint,Hamstrings,Other,Cardio,7.4
Barbell Front Raise,Shoulders,Barbell,Strength,7.4
Barbell Squat To A Bench,Quadriceps,Barbell,Strength,7.4
Oblique Crunches - On The Floor,Abdominals,Body Only,Strength,7.4
Janda Sit-Up,Abdominals,Body Only,Strength,7.4
Seated Dumbbell Inner Biceps Curl,Biceps,Dumbbell,Strength,7.4
Donkey Calf Raises,Calves,Other,Strength,7.4
Pull Through,Glutes,Cable,Strength,7.4
Incline Push-Up Close-Grip,Triceps,Body Only,Strength,7.4
Smith Machine Upright Row,Traps,Machine,Strength,7.3
Crunch - Legs On Exercise Ball,Abdominals,Body Only,Strength,7.3
Side Jackknife,Abdominals,Body Only,Strength,7.3
Kettlebell Pass Between The Legs,Abdominals,Kettlebells,Strength,7.3
Moving Claw Series,Hamstrings,None,Plyometrics,7.3
Suspended Push-Up,Chest,Other,Strength,7.3
Dumbbell Walking Lunge,Quadriceps,Dumbbell,Strength,7.3
Flat Bench Cable Flyes,Chest,Cable,Strength,7.3
One Arm Floor Press,Triceps,Barbell,Strength,7.3
Wide-Grip Decline Barbell Pullover,Chest,Barbell,Strength,7.3
Smith Machine Reverse Calf Raises,Calves,Machine,Strength,7.3
Two-Arm Kettlebell Row,Middle Back,Kettlebells,Strength,7.3
Front Cone Hops (or hurdle hops),Quadriceps,Other,Plyometrics,7.3
Lateral Bound,Adductors,Body Only,Plyometrics,7.3
One Arm Lat Pulldown,Lats,Cable,Strength,7.3
Close-Grip Push-Up off of a Dumbbell,Triceps,Body Only,Strength,7.3
Smith Machine Decline Press,Chest,Machine,Strength,7.3
Dumbbell Seated One-Leg Calf Raise,Calves,Dumbbell,Strength,7.2
Weighted Squat,Quadriceps,Other,Strength,7.2
Clean Pull,Quadriceps,Barbell,OlympicWeightlifting,7.2
Smith Machine One-Arm Upright Row,Shoulders,Machine,Strength,7.2
Machine Lateral Raise,Shoulders,Machine,Strength,7.2
Cable Incline Pushdown,Lats,Cable,Strength,7.2
Reverse Plate Curls,Biceps,Other,Strength,7.2
Standing Front Barbell Raise Over Head,Shoulders,Barbell,Strength,7.2
Ankle Circles,Calves,None,Stretching,7.2
Hip Extension with Bands,Glutes,Bands,Strength,7.2
Kipping Muscle Up,Lats,Other,Strength,7.2
Isometric Chest Squeezes,Chest,Body Only,Plyometrics,7.1
Cable Incline Triceps Extension,Triceps,Cable,Strength,7.1
Lying Close-Grip Bar Curl On High Pulley,Biceps,Cable,Strength,7.1
Groin and Back Stretch,Adductors,None,Stretching,7.1
Push Up to Side Plank,Chest,Body Only,Strength,7.1
Wide-Grip Pulldown Behind The Neck,Lats,Cable,Strength,7.1
Seated Leg Tucks,Abdominals,Body Only,Strength,7.1
Standing Biceps Stretch,Biceps,Other,Stretching,7.1
Dumbbell Squat To A Bench,Quadriceps,Dumbbell,Strength,7
Smith Machine Stiff-Legged Deadlift,Hamstrings,Machine,Strength,7
Scissor Kick,Abdominals,Body Only,Stretching,7
Pin Presses,Triceps,Barbell,Powerlifting,7
London Bridges,Lats,Other,Strength,7
90-Degree Jump Squat Twist,Quadriceps,Body Only,Plyometrics,7
Barbell Side Bend,Abdominals,Barbell,Strength,7
One-Arm Overhead Kettlebell Squats,Quadriceps,Kettlebells,Strength,7
Kettlebell Seated Press,Shoulders,Kettlebells,Strength,7
Double Kettlebell Jerk,Shoulders,Kettlebells,Strength,7
Smith Machine Pistol Squat,Quadriceps,Machine,Strength,7
Bench Sprint,Quadriceps,Other,Plyometrics,7
Wide-Stance Leg Press,Quadriceps,Machine,Strength,7
Toe Touchers,Abdominals,Body Only,Stretching,6.9
Backward Drag,Quadriceps,Other,Strongman,6.9
Alternate Leg Diagonal Bound,Quadriceps,None,Plyometrics,6.9
Sled Push,Quadriceps,Other,Strongman,6.8
Backward Medicine Ball Throw,Shoulders,Medicine Ball,Plyometrics,6.8
Kettlebell Arnold Press,Shoulders,Kettlebells,Strength,6.8
Clean Shrug,Traps,Barbell,OlympicWeightlifting,6.8
Landmine Linear Jammer,Shoulders,Barbell,Strength,6.8
Standing Toe Touches,Hamstrings,None,Stretching,6.7
Barbell Guillotine Bench Press,Chest,Barbell,Strength,6.7
Upward Stretch,Shoulders,None,Stretching,6.7
Shoulder Circles,Shoulders,None,Stretching,6.7
Intermediate Groin Stretch,Hamstrings,Other,Stretching,6.7
Standing Hamstring and Calf Stretch,Hamstrings,Other,Stretching,6.7
Monster Walk,Abductors,Bands,Strength,6.7
Squat with Plate Movers,Quadriceps,Barbell,Strength,6.7
Side To Side Push-Up,Chest,Body Only,Strength,6.7
Piriformis-SMR,Glutes,Foam Roll,Stretching,6.6
Scapular Pull-Up,Traps,None,Strength,6.6
Cable Seated Lateral Raise,Shoulders,Cable,Strength,6.5
Standing Towel Triceps Extension,Triceps,Body Only,Strength,6.5
Lower Back Curl,Abdominals,Body Only,Stretching,6.5
Straight Bar Bench Mid Rows,Middle Back,Barbell,Strength,6.5
Leg Lift,Glutes,Body Only,Strength,6.5
One-Arm Flat Bench Dumbbell Flye,Chest,Dumbbell,Strength,6.5
Barbell Incline Shoulder Raise,Shoulders,Barbell,Strength,6.5
Push Press - Behind the Neck,Shoulders,Barbell,OlympicWeightlifting,6.5
Suspended Split Squat,Quadriceps,Other,Strength,6.5
Isometric Neck Exercise - Front And Back,Neck,Body Only,Strength,6.4
Weighted Ball Side Bend,Abdominals,Exercise Ball,Strength,6.4
Inverted Row with Straps,Middle Back,Other,Strength,6.4
Peroneals-SMR,Calves,Foam Roll,Stretching,6.4
Atlas Stone Trainer,Lower Back,Other,Strongman,6.4
Knee Circles,Calves,Body Only,Stretching,6.3
Intermediate Hip Flexor and Quad Stretch,Quadriceps,Other,Stretching,6.3
Lying Hamstring,Hamstrings,Other,Stretching,6.3
Dumbbell Tricep Extension -Pronated Grip,Triceps,Dumbbell,Strength,6.3
Bent Press,Abdominals,Kettlebells,Strength,6.3
One Arm Chin-Up,Middle Back,Other,Strength,6.3
Extended Range One-Arm Kettlebell Floor Press,Chest,Kettlebells,Strength,6.3
Seated Dumbbell Palms-Up Wrist Curl,Forearms,Dumbbell,Strength,6.2
Lying Cambered Barbell Row,Middle Back,Barbell,Strength,6.2
Snatch Shrug,Traps,Barbell,OlympicWeightlifting,6.2
Sit Squats,Quadriceps,None,Stretching,6.1
Crucifix,Shoulders,Other,Strongman,6
Hip Lift with Band,Glutes,Bands,Powerlifting,6
Alternating Floor Press,Chest,Kettlebells,Strength,6
Calves-SMR,Calves,Foam Roll,Stretching,6
Forward Drag with Press,Chest,Other,Strongman,6
Shoulder Stretch,Shoulders,None,Stretching,5.9
Hamstring Stretch,Hamstrings,None,Stretching,5.9
Medicine Ball Chest Pass,Chest,Medicine Ball,Plyometrics,5.9
Lying High Bench Barbell Curl,Biceps,Barbell,Strength,5.8
One Arm Against Wall,Lats,None,Stretching,5.8
Squats - With Bands,Quadriceps,Bands,Strength,5.8
Dynamic Chest Stretch,Chest,None,Stretching,5.8
Catch and Overhead Throw,Lats,Medicine Ball,Plyometrics,5.8
Smith Machine Hang Power Clean,Hamstrings,Machine,Strength,5.8
Rhomboids-SMR,Middle Back,Foam Roll,Stretching,5.7
Neck Bridge Prone,Neck,Body Only,Strength,5.7
Standing Gastrocnemius Calf Stretch,Calves,None,Stretching,5.6
Chain Press,Chest,Other,Powerlifting,5.6
Bench Press - With Bands,Chest,Bands,Strength,5.5
Tricep Side Stretch,Triceps,None,Stretching,5.5
Hamstring-SMR,Hamstrings,Foam Roll,Stretching,5.5
Fast Skipping,Quadriceps,Body Only,Plyometrics,5.5
Hug A Ball,Lower Back,Exercise Ball,Stretching,5.4
Dancer's Stretch,Lower Back,None,Stretching,5.4
Upper Back-Leg Grab,Hamstrings,None,Stretching,5.4
Kneeling Hip Flexor,Quadriceps,None,Stretching,5.4
Quadriceps-SMR,Quadriceps,Foam Roll,Stretching,5.4
Front Barbell Squat To A Bench,Quadriceps,Barbell,Strength,5.3
Calf Stretch Hands Against Wall,Calves,None,Stretching,5.3
Kettlebell Dead Clean,Hamstrings,Kettlebells,Strength,5.3
Supine Two-Arm Overhead Throw,Abdominals,Medicine Ball,Plyometrics,5.3
Partner Farmer's Walk Competition,Forearms,Dumbbell,Strength,5.3
Child's Pose,Lower Back,None,Stretching,5.3
Round The World Shoulder Stretch,Shoulders,Other,Stretching,5.3
Spinal Stretch,Middle Back,None,Stretching,5.3
Elbow Circles,Shoulders,None,Stretching,5.3
Seated Hamstring,Hamstrings,None,Stretching,5.3
Anterior Tibialis-SMR,Calves,Other,Stretching,5.3
Kneeling Forearm Stretch,Forearms,None,Stretching,5.2
Iron Crosses (stretch),Quadriceps,None,Stretching,5.2
Pelvic Tilt Into Bridge,Lower Back,None,Stretching,5.1
Seated Floor Hamstring Stretch,Hamstrings,None,Stretching,5.1
Arm Circles,Shoulders,None,Stretching,5.1
90/90 Hamstring,Hamstrings,Body Only,Stretching,5
All Fours Quad Stretch,Quadriceps,Body Only,Stretching,5
Seated Biceps,Biceps,Body Only,Stretching,5
Torso Rotation,Abdominals,Exercise Ball,Stretching,5
Cable Judo Flip,Abdominals,Cable,Strength,5
Cat Stretch,Lower Back,None,Stretching,4.9
Calf Stretch Elbows Against Wall,Calves,None,Stretching,4.9
Behind Head Chest Stretch,Chest,Other,Stretching,4.9
Quad Stretch,Quadriceps,Other,Stretching,4.9
Alternating Hang Clean,Hamstrings,Kettlebells,Strength,4.9
Calf Raises - With Bands,Calves,Bands,Strength,4.8
Side Neck Stretch,Neck,None,Stretching,4.8
Elbows Back,Chest,None,Stretching,4.8
Dynamic Back Stretch,Lats,None,Stretching,4.8
Calf Raise On A Dumbbell,Calves,Dumbbell,Strength,4.8
Ankle On The Knee,Glutes,None,Stretching,4.8
Triceps Stretch,Triceps,None,Stretching,4.8
Seated Barbell Twist,Abdominals,Barbell,Strength,4.7
One Half Locust,Quadriceps,None,Stretching,4.7
Latissimus Dorsi-SMR,Lats,Foam Roll,Stretching,4.7
Seated Overhead Stretch,Abdominals,None,Stretching,4.7
Lower Back-SMR,Lower Back,Foam Roll,Stretching,4.5
Seated Front Deltoid,Shoulders,Body Only,Stretching,4.5
Hug Knees To Chest,Lower Back,None,Stretching,4.4
Standing Hip Flexors,Quadriceps,None,Stretching,4.4
World's Greatest Stretch,Hamstrings,None,Stretching,4.4
Looking At Ceiling,Quadriceps,None,Stretching,4.3
The Straddle,Hamstrings,None,Stretching,4.3
Upper Back Stretch,Middle Back,None,Stretching,4.2
Split Squats,Hamstrings,None,Stretching,4.2
Standing Soleus And Achilles Stretch,Calves,None,Stretching,4.2
Seated Calf Stretch,Calves,None,Stretching,4.1
Shoulder Raise,Shoulders,None,Stretching,4.1
Chair Upper Body Stretch,Shoulders,Other,Stretching,4.1
Downward Facing Balance,Glutes,Exercise Ball,Strength,4
Adductor,Adductors,Foam Roll,Stretching,4
Kneeling Arm Drill,Shoulders,None,Plyometrics,4
Frog Hops,Quadriceps,None,Stretching,3.9
Overhead Stretch,Abdominals,None,Stretching,3.9
Crossover Reverse Lunge,Lower Back,None,Stretching,3.9
Middle Back Stretch,Middle Back,None,Stretching,3.8
Side Lying Groin Stretch,Adductors,None,Stretching,3.8
Chin To Chest Stretch,Neck,None,Stretching,3.8
Chest Stretch on Stability Ball,Chest,Exercise Ball,Stretching,3.6
Runner's Stretch,Hamstrings,None,Stretching,3.6
One Handed Hang,Lats,Other,Stretching,3.6
Adductor/Groin,Adductors,None,Stretching,3.6
Knee Across The Body,Glutes,None,Stretching,3.5
Medicine Ball Scoop Throw,Shoulders,Medicine Ball,Plyometrics,3.4
Rear Leg Raises,Quadriceps,Body Only,Stretching,3.4
Peroneals Stretch,Calves,Other,Stretching,3.3
On Your Side Quad Stretch,Quadriceps,None,Stretching,3.3
On-Your-Back Quad Stretch,Quadriceps,Other,Stretching,3.3
Overhead Triceps,Triceps,Body Only,Stretching,3.3
Brachialis-SMR,Biceps,Foam Roll,Stretching,3.2
Standing Lateral Stretch,Abdominals,None,Stretching,3.2
Chair Lower Back Stretch,Lats,None,Stretching,3.2
Standing Pelvic Tilt,Lower Back,None,Stretching,3.1
Seated Glute,Glutes,Body Only,Stretching,3.1
Chest And Front Of Shoulder Stretch,Chest,Other,Stretching,3
Double Kettlebell Windmill,Abdominals,Kettlebells,Strength,3
Lying Glute,Glutes,Body Only,Stretching,3
Lying Bent Leg Groin,Adductors,Other,Stretching,2.8
Neck-SMR,Neck,Other,Stretching,2.8
Standing Elevated Quad Stretch,Quadriceps,Other,Stretching,2.7
Foot-SMR,Calves,Other,Stretching,2.7
One Knee To Chest,Glutes,None,Stretching,2.7
Wrist Circles,Forearms,Body Only,Stretching,2.5
Chair Leg Extended Stretch,Hamstrings,Other,Stretching,2.4
IT Band and Glute Stretch,Abductors,Other,Stretching,2.4
Lying Crossover,Abductors,Body Only,Stretching,1.6
Pyramid,Lower Back,Exercise Ball,Stretching,1
Overhead Lat,Lats,Other,Stretching,1
Posterior Tibialis Stretch,Calves,Other,Stretching,1
Side-Lying Floor Stretch,Lats,None,Stretching,1
Smith Incline Shoulder Raise,Shoulders,Barbell,Strength,6.8
One-Arm Kettlebell Jerk,Shoulders,Kettlebells,Strength,4.1
One-Arm Kettlebell Floor Press,Chest,Kettlebells,Strength,0.8
One-Arm Kettlebell Military Press To The Side,Shoulders,Kettlebells,Strength,8
One-Arm Kettlebell Para Press,Shoulders,Kettlebells,Strength,9.1
Two-Arm Kettlebell Jerk,Shoulders,Kettlebells,Strength,7.2
One-Arm Kettlebell Split Jerk,Shoulders,Kettlebells,Strength,6.6
Leg-Over Floor Press,Chest,Kettlebells,Strength,9.9
Kettlebell Hang Clean,Hamstrings,Kettlebells,Strength,8.4
Double Kettlebell Alternating Hang Clean,Hamstrings,Kettlebells,Strength,2.1
Seated Hamstring and Calf Stretch,Hamstrings,Other,Stretching,0.5
Box Squat with Chains,Quadriceps,Barbell,Strength,9.4
Car Deadlift,Quadriceps,Other,Strongman,3.6
Good Morning off Pins,Hamstrings,Barbell,Powerlifting,2.2
Hang Snatch - Below Knees,Hamstrings,Barbell,OlympicWeightlifting,8.2
Jerk Balance,Shoulders,Barbell,OlympicWeightlifting,4.2
Keg Load,Lower Back,Other,Strongman,5.9
Log Lift,Shoulders,Other,Strongman,4.1
Muscle Snatch,Hamstrings,Barbell,OlympicWeightlifting,6.5
Squat with Bands,Quadriceps,Barbell,Powerlifting,9.5
Sandbag Load,Quadriceps,Other,Strongman,5.3
Sled Drag - Harness,Quadriceps,Other,Strongman,0.8
Squat Jerk,Quadriceps,Barbell,Strength,0.4
Sumo Deadlift with Bands,Hamstrings,Barbell,Powerlifting,8.8
Floor Press with Chains,Triceps,Barbell,Powerlifting,5.5
Snatch from Blocks,Quadriceps,Barbell,OlympicWeightlifting,5.1
Split Clean,Quadriceps,Barbell,OlympicWeightlifting,1.6
Reverse Band Deadlift,Lower Back,Barbell,Powerlifting,2.2
Reverse Band Power Squat,Quadriceps,Barbell,Powerlifting,5.7
Reverse Band Sumo Deadlift,Hamstrings,Barbell,Powerlifting,8.8
Chest Push (single response),Chest,Medicine Ball,Strength,2.4
Hurdle Hops,Hamstrings,Other,Plyometrics,5.6
Return Push from Stance,Shoulders,Medicine Ball,Plyometrics,7.3
Side Hop-Sprint,Quadriceps,Other,Plyometrics,8.2
Single-Leg Hop Progression,Quadriceps,Other,Plyometrics,2.6
Standing Two-Arm Overhead Throw,Shoulders,Medicine Ball,Plyometrics,1.4
Stride Jump Crossover,Quadriceps,Other,Plyometrics,8.6
External Rotation with Band,Shoulders,Bands,Strength,8.9
Hip Flexion with Band,Quadriceps,Bands,Strength,0.9
Carioca Quick Step,Adductors,None,Plyometrics,8.7
Side Standing Long Jump,Quadriceps,None,Plyometrics,8.5
Single-Cone Sprint Drill,Quadriceps,Other,Plyometrics,5.5
Linear 3-Part Start Technique,Hamstrings,None,Plyometrics,0.6
Linear Depth Jump,Quadriceps,Other,Plyometrics,8.4
Elevated Back Lunge,Quadriceps,Barbell,Strength,3
Seated Band Hamstring Curl,Hamstrings,Other,Strength,8.9
Speed Band Overhead Triceps,Triceps,Bands,Strength,6.8
Sled Overhead Triceps Extension,Triceps,Other,Strength,0.1
Incline Push-Up Reverse Grip,Chest,Body Only,Strength,9.1
Lunge Sprint,Quadriceps,Machine,Strength,3
Single Arm Overhead Kettlebell Squat,Quadriceps,Kettlebells,Strength,5.8
Suitcase Crunch,Abdominals,Body Only,Strength,8.2
Glute Bridge Hamstring Walkout,Glutes,Body Only,Strength,1.9
Seated Scissor Kick,Abdominals,Body Only,Strength,1.7
Punches,Shoulders,Body Only,Cardio,3.5
Slow Jog,Quadriceps,Body Only,Cardio,5.4
Defensive Slide,Quadriceps,Body Only,Cardio,5.1
Cross Crunch,Abdominals,Body Only,Strength,0.3
Square Hop,Quadriceps,Body Only,Plyometrics,9.8
Lateral Speed Step,Quadriceps,Body Only,Cardio,7.2
Stiff-Legged Deadlift,Hamstrings,Barbell,Strength,7.6
Suspended Chest Fly,Chest,Other,Strength,6.4
Staggered Push-Up,Chest,Body Only,Strength,10
JM Press With Bands,Triceps,Barbell,Strength,2.9
Rockers (Pullover To Press) Straight Bar,Lats,Barbell,Strength,6.2
Straight-Legged Hip Raise,Abdominals,Body Only,Strength,9.4
Partner Supermans With Alternating High-Five,Lower Back,Body Only,Strength,9.3
Partner Facing Planks With Alternating High-Five,Abdominals,Body Only,Strength,3.9
Partner Facing Side Plank With Band Row,Middle Back,Bands,Strength,8.4
Partner Facing Feet-Elevated Side Plank With Band Row,Middle Back,Bands,Strength,9
Partner 3-Touch Motion Russian Twist,Abdominals,Medicine Ball,Strength,6
Partner Side-To-Side Russian Twist & Pass,Abdominals,Medicine Ball,Strength,7.7
Medicine-Ball Push-Up,Chest,Medicine Ball,Strength,5.4
Partner Flat-Bench Back Extension,Lower Back,Other,Strength,1.1
Partner Flat-Bench Back Extension With Hold,Lower Back,Other,Strength,7.7
Partner Hanging Knee Raise With Throw Down,Abdominals,Body Only,Strength,7.6
Partner Hanging Knee Raise With Manual Resistance,Abdominals,Body Only,Strength,2.2
Lateral Band Walk,Abductors,Bands,Strength,5.2
Dumbbell Squat To Shoulder Press,Shoulders,Dumbbell,Strength,7
Dumbbell Overhead Squat,Quadriceps,Dumbbell,Strength,7.3
Single-Arm Dumbbell Overhead Squat,Quadriceps,Dumbbell,Strength,1.2
Single-Arm Landmine Row,Middle Back,Barbell,Strength,4.2
Medicine Ball Rotational Throw,Abdominals,Medicine Ball,Strength,8.4
Suspended Leg Curl,Hamstrings,Other,Strength,0
Suspended Crunch,Abdominals,Body Only,Strength,3.5
Bosu Ball Crunch,Abdominals,Exercise Ball,Strength,0.4
Triceps Plank Extension,Triceps,Dumbbell,Strength,1.1
Single-Leg Box Jump,Quadriceps,Other,Plyometrics,7.7
Burpee Over Barbell,Quadriceps,Barbell,Plyometrics,1.6
Hand Stand Push-Up,Shoulders,Body Only,Strength,4.6
Kettlebell Sumo Squat,Quadriceps,Kettlebells,Strength,1.6
Barbell Reverse Lunge,Quadriceps,Barbell,Strength,5.2
Assisted Chin-Up,Lats,Bands,Strength,5.3
Stability Ball Pike With Knee Tuck,Abdominals,Exercise Ball,Strength,9.2
Diamond Push-Up,Chest,Body Only,Strength,0.6
Typewriter Push-Up,Chest,Body Only,Strength,3.8
Clapping Push-Up,Chest,Body Only,Plyometrics,4.2
Triple Clap Push-Up,Chest,Body Only,Plyometrics,6.9
Weighted Push-Up,Chest,Other,Strength,8.3
One-Arm Push-Up,Chest,Body Only,Strength,5.3
Close-Stance Dumbbell Front Squat,Quadriceps,Dumbbell,Strength,5.2
Front Dumbbell Raise Using Towel,Shoulders,Dumbbell,Strength,9
Shoulder Tap,Abdominals,Body Only,Strength,2.7
V-Sit Dumbbell Triceps Extension,Triceps,Dumbbell,Strength,0.1
Barbell Deadlift Bent Row Complex,Middle Back,Barbell,Strength,9.6
Bar Throw And Press,Chest,Machine,Strength,4.5
Decline Explosive Push-Up,Chest,Other,Plyometrics,0.7
Around The World Pull-Up,Lats,Other,Strength,3.3
Plate Shoulder Circle Big To Small Rotation,Shoulders,Other,Strength,5.7
Double Under,Quadriceps,Other,Cardio,1.4
Jumping Jack,Quadriceps,Body Only,Cardio,6.2
Sprawl Frog Kick,Quadriceps,Body Only,Plyometrics,8.9
Kettlebell Side Squat,Quadriceps,Kettlebells,Strength,9.3
Kettlebell Thruster Progression,Quadriceps,Kettlebells,Strength,3.6
Kettlebell 3-Point Extension,Abdominals,Body Only,Strength,8.3
Running Lunge,Quadriceps,Body Only,Plyometrics,7.5
Southpaw Sprawl,Quadriceps,Body Only,Plyometrics,6
Bear Crawl Fire Feet,Shoulders,Body Only,Cardio,0.5
Breakdancer,Abdominals,Body Only,Strength,9.1
Lunge Heel Kick,Quadriceps,Body Only,Plyometrics,0.9
Gorilla Squat,Quadriceps,Body Only,Plyometrics,0.6
Burppe Box Jump,Quadriceps,Other,Plyometrics,7.9
Dumbbell Squat Snatch,Quadriceps,Dumbbell,Strength,5.4
Wall Shoulder Tap,Shoulders,Body Only,Strength,3.7
Bear Crawl Shoulder Tap,Shoulders,Body Only,Strength,7.9
Thigh Killa,Quadriceps,Body Only,Strength,7.5
Double Kettlebell Snatch,Shoulders,Kettlebells,Strength,5.8
One-Arm Kettlebell Split Snatch,Shoulders,Kettlebells,Strength,8.9
Open Palm Kettlebell Clean,Hamstrings,Kettlebells,Strength,6.7
One-Arm Open Palm Kettlebell Clean,Hamstrings,Kettlebells,Strength,7.1
Kettlebell Seesaw Press,Shoulders,Kettlebells,Strength,1.1
Lying Prone Quadriceps,Quadriceps,Body Only,Stretching,5.2
Conan's Wheel,Quadriceps,Other,Strongman,0.9
Hanging Bar Good Morning,Hamstrings,Barbell,Powerlifting,4.3
Heaving Snatch Balance,Quadriceps,Barbell,OlympicWeightlifting,6.9
Power Stairs,Hamstrings,Other,Strongman,2.7
Rack Delivery,Shoulders,Barbell,OlympicWeightlifting,9.4
Snatch Balance,Quadriceps,Barbell,OlympicWeightlifting,5.3
Snatch Pull,Hamstrings,Barbell,Strength,4.9
Split Snatch,Hamstrings,Barbell,OlympicWeightlifting,7.3
Rickshaw Deadlift,Quadriceps,Other,Strongman,6.5
Power Snatch from Blocks,Quadriceps,Barbell,OlympicWeightlifting,2.5
Reverse Band Bench Press,Triceps,Barbell,Powerlifting,3.7
Box Skip,Hamstrings,Other,Plyometrics,2.3
Chest Push from 3 point stance,Chest,Medicine Ball,Plyometrics,1.5
Chest Push with Run Release,Chest,Medicine Ball,Plyometrics,8.3
Heavy Bag Thrust,Chest,Other,Plyometrics,8.9
Lateral Box Jump,Adductors,Other,Plyometrics,5.2
Lateral Cone Hops,Adductors,Other,Plyometrics,7.8
Medicine Ball Full Twist,Abdominals,Medicine Ball,Plyometrics,6
Quick Leap,Quadriceps,Other,Plyometrics,7.8
Single-Leg Lateral Hop,Quadriceps,Other,Plyometrics,9.4
Single-Leg Stride Jump,Quadriceps,Other,Plyometrics,3.2
Star Jump,Quadriceps,Body Only,Plyometrics,3.3
Supine One-Arm Overhead Throw,Abdominals,Medicine Ball,Plyometrics,7.9
Leverage Deadlift,Quadriceps,Machine,Strength,9.5
Sled Overhead Backward Walk,Shoulders,Other,Strength,9.2
Sled Reverse Flye,Shoulders,Other,Strength,1
Sled Row,Middle Back,Other,Strength,8.8
Platform Hamstring Slides,Hamstrings,Other,Strength,9.1
Prone Manual Hamstring,Hamstrings,None,Strength,9.1
Speed Box Squat,Quadriceps,Barbell,Powerlifting,2.8
Neck Bridge Supine,Glutes,Body Only,Strength,0.2
Feet Jack,Quadriceps,Body Only,Plyometrics,7.6
Fast Kick With Arm Circles,Quadriceps,Body Only,Cardio,7.7
Football Up-Down,Quadriceps,Body Only,Cardio,1.7
Jump Lunge To Feet Jack,Quadriceps,Body Only,Plyometrics,0.9
Vertical Mountain Climber,Quadriceps,Body Only,Cardio,5.9
Seated Glute Stretch,Glutes,Body Only,Stretching,8.5
Slide Jump Shot,Quadriceps,Body Only,Plyometrics,9.5
High Knee Jog,Quadriceps,Body Only,Cardio,6.7
Axle Clean And Press,Shoulders,Barbell,Strongman,4.8
Suspended Back Fly,Shoulders,Other,Strength,3.7
Front-To-Back Squat With Belt,Quadriceps,Barbell,Strength,4.1
Bench Press With Short Bands,Chest,Bands,Powerlifting,5.8
Plate Row,Middle Back,Barbell,Strength,7.3
Bosu Ball Squat,Quadriceps,Exercise Ball,Strength,6.4
Partner Target Sit-Up,Abdominals,Body Only,Strength,7.5
Partner Lying Leg Raise With Throw Down,Abdominals,Body Only,Strength,0.1
Partner Facing Plank With Band Row,Middle Back,Bands,Strength,6.1
Partner Sit-Up With High-Five,Abdominals,Body Only,Strength,6.8
Partner Lying Leg Raise With Lateral Throw Down,Abdominals,Body Only,Strength,6.2
Partner Suitcase Carry Competition,Forearms,Barbell,Strength,5.4
Alternating Leg Swing,Hamstrings,Body Only,Stretching,0.7
Hip Circle,Abductors,Body Only,Stretching,5.2
Forward Band Walk,Quadriceps,Bands,Strength,0.1
Tall Muscle Snatch,Shoulders,Barbell,OlympicWeightlifting,1.7
Barbell Squat To A Box,Quadriceps,Other,Strength,1.4
Suspended Curl,Biceps,Other,Strength,1.6
Suspended Hip Thrust,Glutes,Other,Strength,5.7
Suspended Triceps Press,Triceps,Other,Strength,9.4
Bosu Ball Push-Up,Chest,Exercise Ball,Strength,2.7
Single-Leg Balance,Hamstrings,Body Only,Stretching,10
Half-kneeling Dumbbell Shoulder Press,Shoulders,Dumbbell,Strength,6
Ice Skater,Quadriceps,Body Only,Plyometrics,5.8
Suitcase Dumbbell Carry,Forearms,Dumbbell,Strength,8.4
Yates Row,Middle Back,Barbell,Strength,8.6
Split Squat With Kettlebells,Quadriceps,Kettlebells,Strength,5.6
Burpee Pull-Up,Lats,Other,Plyometrics,1.4
Negative Pull-Up,Lats,Other,Strength,8.7
Hand Release Push-Up,Chest,Body Only,Strength,3.9
Wall Walk,Shoulders,Body Only,Strength,0.4
Dumbbell Clean And Jerk,Shoulders,Dumbbell,Strength,7.4
Walking Lunge With Overhead Weight,Quadriceps,Other,Strength,8.8
Waiter's Carry,Abdominals,Other,Strength,8.7
High Kick,Hamstrings,Body Only,Stretching,3.4
Knee To Chest,Hamstrings,Body Only,Stretching,6.2
Hip Stretch With Twist,Hamstrings,Body Only,Stretching,2.5
Svend Press,Chest,Other,Strength,4.1
Wide-Hands Push-Up,Chest,Body Only,Strength,0.9
Dive Bomber Push-Up,Chest,Body Only,Strength,5.2
Front Squat Push Press,Quadriceps,Barbell,Strength,9.4
Front Squat (Bodybuilder),Quadriceps,Barbell,Strength,4.6
Front Squat (Clean Grip),Quadriceps,Barbell,Strength,0.9
Single-Leg Squat To Box,Quadriceps,Other,Strength,9.9
Single-Leg Skater Squat,Quadriceps,Other,Strength,1.5
Wall Squat,Quadriceps,Body Only,Strength,1.7
Pop Squat,Quadriceps,Body Only,Plyometrics,3.9
Trap Bar Jump,Quadriceps,Other,Plyometrics,6.3
Skin The Cat To Push-Up,Abdominals,Other,Strength,4.4
Dumbbell Lunge and Curl,Quadriceps,Dumbbell,Strength,5.4
Dumbbell Jump Squat,Quadriceps,Dumbbell,Plyometrics,4.8
Lateral Hop Holding Dumbbells,Quadriceps,Dumbbell,Plyometrics,3.6
Dumbbell Front Squat,Quadriceps,Dumbbell,Strength,6.4
Lateral Hop 4 Times To Sprint,Quadriceps,Dumbbell,Plyometrics,3.2
L-Sit Chin-Up,Lats,Other,Strength,8.7
Body Triceps Press Using Flat Bench,Triceps,Other,Strength,8.5
Russian Bar Dip,Triceps,Other,Strength,6.2
Wide-Stance Jump Squat To Close-Stance,Quadriceps,Body Only,Plyometrics,5.9
Bar Push-Up Smith Machine,Chest,Other,Plyometrics,6.9
Burpee To Medicine Ball Press,Chest,Medicine Ball,Strength,4
V-Sit Lying Down Ball Throw And Catch,Abdominals,Medicine Ball,Strength,2.3
Superman Push-Up,Chest,Body Only,Plyometrics,4.2
Barbell Front-To-Back Squat,Quadriceps,Barbell,Strength,3.9
Seated Straight-Bar Curl Superset,Biceps,Barbell,Strength,1.7
Hammer Plate Curl,Biceps,Other,Strength,0.7
Dumbbell Pistol Squat,Quadriceps,Dumbbell,Strength,3.9
Dumbbell Alternating Lunge,Quadriceps,Dumbbell,Strength,2.2
Side Lunge Touching Heel,Quadriceps,Body Only,Strength,5.1
Jumping Knee Up Down,Quadriceps,Body Only,Plyometrics,7.1
Burpee Tuck Jump,Quadriceps,Body Only,Plyometrics,5.3
Wall Sprawl,Quadriceps,Body Only,Plyometrics,3.3
Wall Mountain Climber,Abdominals,Body Only,Plyometrics,0.7
Full Moon,Abdominals,Body Only,Strength,1.6
Medicine Ball Ninja,Quadriceps,Medicine Ball,Plyometrics,3.6
Kettlebell Fire Feet,Quadriceps,Kettlebells,Plyometrics,2.8
Reverse Burpee,Quadriceps,Body Only,Plyometrics,6
Feet-Elevated TRX Push-Up,Chest,Bands,Strength,6.5
Crab Toe Touch,Abdominals,Body Only,Strength,0.9
Kettlebell Squat Clean,Quadriceps,Kettlebells,Strength,0.7
Burpee Box Jump,Quadriceps,Other,Plyometrics,2.4
